{
    "loss": 0.3304257392883301,
    "accuracy": 0.8627451062202454
}