{
    "loss": 1.6656464338302612,
    "accuracy": 0.7647058963775635
}