{
    "loss": 14.337510108947754,
    "accuracy": 0.5686274766921997
}