{
    "loss": 3.2304837703704834,
    "accuracy": 0.4313725531101227
}